-- MySQL dump 10.13  Distrib 8.0.32, for macos10.15 (x86_64)
--
-- Host: localhost    Database: dashok_base
-- ------------------------------------------------------
-- Server version	8.0.32

/*!40101 SET @OLD_CHARACTER_SET_CLIENT=@@CHARACTER_SET_CLIENT */;
/*!40101 SET @OLD_CHARACTER_SET_RESULTS=@@CHARACTER_SET_RESULTS */;
/*!40101 SET @OLD_COLLATION_CONNECTION=@@COLLATION_CONNECTION */;
/*!50503 SET NAMES utf8mb4 */;
/*!40103 SET @OLD_TIME_ZONE=@@TIME_ZONE */;
/*!40103 SET TIME_ZONE='+00:00' */;
/*!40014 SET @OLD_UNIQUE_CHECKS=@@UNIQUE_CHECKS, UNIQUE_CHECKS=0 */;
/*!40014 SET @OLD_FOREIGN_KEY_CHECKS=@@FOREIGN_KEY_CHECKS, FOREIGN_KEY_CHECKS=0 */;
/*!40101 SET @OLD_SQL_MODE=@@SQL_MODE, SQL_MODE='NO_AUTO_VALUE_ON_ZERO' */;
/*!40111 SET @OLD_SQL_NOTES=@@SQL_NOTES, SQL_NOTES=0 */;

--
-- Table structure for table `Games`
--

DROP TABLE IF EXISTS `Games`;
/*!40101 SET @saved_cs_client     = @@character_set_client */;
/*!50503 SET character_set_client = utf8mb4 */;
CREATE TABLE `Games` (
  `game_id` int NOT NULL,
  `team` varchar(30) NOT NULL,
  `city` varchar(30) DEFAULT NULL,
  `goals` tinyint DEFAULT NULL,
  `game_date` datetime NOT NULL,
  `own` tinyint DEFAULT NULL,
  PRIMARY KEY (`game_id`)
) ENGINE=InnoDB DEFAULT CHARSET=utf8mb4 COLLATE=utf8mb4_0900_ai_ci;
/*!40101 SET character_set_client = @saved_cs_client */;

--
-- Dumping data for table `Games`
--

LOCK TABLES `Games` WRITE;
/*!40000 ALTER TABLE `Games` DISABLE KEYS */;
INSERT INTO `Games` VALUES (1,'West Ham United',NULL,NULL,'2018-08-12 13:30:00',NULL),(2,'Crystal Palace','London',NULL,'2018-08-20 20:00:00',NULL),(3,'Brighton & Hove Albion',NULL,NULL,'2018-08-25 17:30:00',NULL),(4,'Leicester City','Leicester',1,'2018-09-01 12:30:00',NULL),(5,'Tottenham Hotspur','London',1,'2018-09-15 12:30:00',NULL),(6,'Southampton',NULL,NULL,'2018-09-22 15:00:00',1),(7,'Chelsea','London',1,'2018-09-29 17:30:00',NULL),(8,'Manchester City',NULL,NULL,'2018-10-07 16:30:00',NULL),(9,'Huddersfield Town','Huddersfield',NULL,'2018-10-20 17:30:00',NULL),(10,'Cardiff City',NULL,1,'2018-10-27 15:00:00',NULL),(11,'Arsenal','London',1,'2018-11-03 17:30:00',NULL),(12,'Fulham',NULL,NULL,'2018-11-11 12:00:00',NULL),(13,'Watford','Watford',NULL,'2018-11-24 15:00:00',NULL),(14,'Everton',NULL,NULL,'2018-12-02 16:15:00',NULL),(15,'Burnley','Burnley',1,'2018-12-05 19:45:00',NULL),(16,'Bournemouth','Bournemouth',NULL,'2018-12-08 12:30:00',1),(17,'Manchester United',NULL,1,'2018-12-16 16:00:00',NULL),(18,'Wolverhampton Wanderers','Wolverhampton',NULL,'2018-12-21 20:00:00',NULL),(19,'Newcastle United',NULL,NULL,'2018-12-26 15:00:00',NULL),(20,'Arsenal',NULL,1,'2018-12-29 17:30:00',NULL),(21,'Manchester City','Manchester',2,'2019-01-03 20:00:00',NULL),(22,'Brighton & Hove Albion','Brighton',NULL,'2019-01-12 15:00:00',NULL),(23,'Crystal Palace',NULL,3,'2019-01-19 15:00:00',NULL),(24,'Leicester City',NULL,1,'2019-01-30 20:00:00',NULL),(25,'West Ham United','London',1,'2019-02-04 20:00:00',NULL),(26,'Bournemouth',NULL,NULL,'2019-02-09 15:00:00',NULL),(27,'Manchester United','Manchester',NULL,'2019-02-24 14:05:00',NULL),(28,'Watford',NULL,NULL,'2019-02-27 20:00:00',NULL),(29,'Everton','Liverpool',NULL,'2019-03-03 16:15:00',NULL),(30,'Burnley',NULL,2,'2019-03-10 12:00:00',NULL),(31,'Fulham','London',1,'2019-03-17 14:15:00',NULL),(32,'Tottenham Hotspur',NULL,1,'2019-03-31 16:30:00',1),(33,'Southampton','Southampton',1,'2019-04-05 20:00:00',NULL),(34,'Chelsea',NULL,NULL,'2019-04-14 16:30:00',NULL),(35,'Cardiff City','Cardiff',NULL,'2019-04-21 16:00:00',NULL),(36,'Huddersfield Town',NULL,NULL,'2019-04-26 20:00:00',NULL),(37,'Newcastle United','Newcastle upon Tyne',2,'2019-05-04 19:45:00',NULL),(38,'Wolverhampton Wanderers',NULL,NULL,'2019-05-12 15:00:00',NULL);
/*!40000 ALTER TABLE `Games` ENABLE KEYS */;
UNLOCK TABLES;

--
-- Table structure for table `Lineups`
--

DROP TABLE IF EXISTS `Lineups`;
/*!40101 SET @saved_cs_client     = @@character_set_client */;
/*!50503 SET character_set_client = utf8mb4 */;
CREATE TABLE `Lineups` (
  `start` char(1) NOT NULL,
  `game_id` int NOT NULL,
  `player_id` int NOT NULL,
  `time_in` int DEFAULT NULL,
  `goals` tinyint DEFAULT NULL,
  `cards` char(2) DEFAULT NULL,
  PRIMARY KEY (`game_id`,`player_id`)
) ENGINE=InnoDB DEFAULT CHARSET=utf8mb4 COLLATE=utf8mb4_0900_ai_ci;
/*!40101 SET character_set_client = @saved_cs_client */;

--
-- Dumping data for table `Lineups`
--

LOCK TABLES `Lineups` WRITE;
/*!40000 ALTER TABLE `Lineups` DISABLE KEYS */;
INSERT INTO `Lineups` VALUES ('S',1,1,NULL,NULL,NULL),('S',1,2,NULL,NULL,NULL),('S',1,3,NULL,NULL,NULL),('B',1,4,90,NULL,NULL),('B',1,5,90,NULL,NULL),('B',1,7,90,NULL,NULL),('B',1,8,90,NULL,NULL),('B',1,9,69,NULL,NULL),('B',1,10,82,2,NULL),('B',1,11,87,1,NULL),('B',1,12,90,NULL,NULL),('B',1,13,90,NULL,NULL),('S',1,14,21,NULL,NULL),('S',1,15,3,1,NULL),('S',1,20,NULL,NULL,NULL),('S',1,23,8,NULL,NULL),('B',1,26,90,NULL,NULL),('B',1,66,90,NULL,'Y'),('B',2,4,90,NULL,NULL),('B',2,5,90,NULL,NULL),('B',2,7,67,1,NULL),('B',2,8,87,NULL,NULL),('B',2,9,89,NULL,NULL),('B',2,10,90,1,NULL),('B',2,11,90,NULL,NULL),('B',2,12,90,NULL,NULL),('B',2,13,90,NULL,NULL),('S',2,14,23,NULL,NULL),('S',2,15,1,NULL,NULL),('S',2,18,NULL,NULL,NULL),('S',2,20,3,NULL,NULL),('S',2,22,NULL,NULL,NULL),('S',2,23,NULL,NULL,NULL),('B',2,26,90,NULL,NULL),('S',2,32,NULL,NULL,NULL),('B',2,66,90,NULL,'Y'),('B',3,4,90,NULL,NULL),('B',3,5,90,NULL,NULL),('B',3,7,90,NULL,NULL),('B',3,8,67,NULL,NULL),('B',3,9,90,NULL,NULL),('B',3,10,80,NULL,NULL),('B',3,11,90,1,NULL),('B',3,12,90,NULL,NULL),('B',3,13,90,NULL,NULL),('S',3,14,23,NULL,NULL),('S',3,15,10,NULL,NULL),('S',3,18,NULL,NULL,NULL),('S',3,20,NULL,NULL,NULL),('S',3,22,NULL,NULL,NULL),('S',3,23,NULL,NULL,NULL),('B',3,26,90,NULL,NULL),('S',3,32,1,NULL,NULL),('B',3,66,89,NULL,'Y'),('B',4,4,90,NULL,'Y'),('B',4,5,90,NULL,NULL),('B',4,7,90,NULL,'Y'),('S',4,8,19,NULL,NULL),('B',4,9,90,1,NULL),('B',4,10,90,1,NULL),('B',4,11,71,NULL,NULL),('B',4,12,90,NULL,NULL),('B',4,13,90,NULL,NULL),('B',4,14,71,NULL,NULL),('S',4,15,10,NULL,NULL),('S',4,18,NULL,NULL,NULL),('S',4,20,NULL,NULL,NULL),('S',4,22,NULL,NULL,NULL),('S',4,23,19,NULL,NULL),('B',4,26,90,NULL,NULL),('S',4,32,1,NULL,NULL),('B',4,66,89,NULL,NULL),('S',5,3,NULL,NULL,NULL),('B',5,4,90,NULL,NULL),('B',5,5,90,1,NULL),('B',5,7,90,NULL,NULL),('B',5,8,83,NULL,NULL),('B',5,9,74,1,NULL),('B',5,10,90,NULL,NULL),('B',5,11,90,NULL,NULL),('B',5,12,90,NULL,NULL),('B',5,13,90,NULL,NULL),('S',5,14,16,NULL,NULL),('S',5,15,7,NULL,NULL),('S',5,18,NULL,NULL,NULL),('S',5,22,NULL,NULL,NULL),('S',5,23,NULL,NULL,NULL),('B',5,26,90,NULL,NULL),('S',5,32,1,NULL,NULL),('B',5,66,89,NULL,NULL),('S',6,3,NULL,NULL,NULL),('B',6,4,55,NULL,NULL),('B',6,5,70,NULL,NULL),('S',6,7,45,NULL,NULL),('S',6,8,20,NULL,NULL),('B',6,9,90,NULL,NULL),('B',6,10,90,NULL,NULL),('B',6,11,90,1,NULL),('S',6,12,35,NULL,NULL),('B',6,13,90,NULL,NULL),('B',6,14,90,NULL,NULL),('S',6,15,NULL,NULL,NULL),('S',6,18,NULL,NULL,NULL),('S',6,22,NULL,NULL,NULL),('B',6,23,45,NULL,NULL),('B',6,26,90,NULL,NULL),('B',6,32,90,1,NULL),('B',6,66,90,NULL,NULL),('S',7,3,NULL,NULL,NULL),('B',7,4,90,NULL,NULL),('B',7,5,90,NULL,NULL),('B',7,7,86,NULL,'Y'),('S',7,8,12,NULL,NULL),('B',7,9,90,NULL,NULL),('B',7,10,90,NULL,'Y'),('B',7,11,66,NULL,NULL),('B',7,12,90,NULL,NULL),('B',7,13,90,NULL,NULL),('B',7,14,78,NULL,NULL),('S',7,15,4,1,NULL),('S',7,18,NULL,NULL,NULL),('S',7,22,NULL,NULL,NULL),('S',7,23,24,NULL,NULL),('B',7,26,90,NULL,NULL),('S',7,32,NULL,NULL,NULL),('B',7,66,90,NULL,NULL),('S',8,3,NULL,NULL,NULL),('B',8,4,90,NULL,NULL),('B',8,5,90,NULL,'Y'),('B',8,6,90,NULL,NULL),('B',8,7,29,NULL,NULL),('S',8,8,61,NULL,NULL),('B',8,9,72,NULL,NULL),('B',8,10,90,NULL,NULL),('B',8,11,66,NULL,NULL),('B',8,12,90,NULL,NULL),('B',8,13,90,NULL,NULL),('B',8,14,90,NULL,NULL),('S',8,15,18,NULL,NULL),('S',8,22,NULL,NULL,NULL),('S',8,23,NULL,NULL,NULL),('B',8,26,90,NULL,NULL),('S',8,32,NULL,NULL,NULL),('S',8,66,NULL,NULL,NULL),('S',9,3,21,NULL,NULL),('B',9,4,90,NULL,NULL),('S',9,5,45,NULL,NULL),('B',9,6,90,NULL,NULL),('B',9,7,77,NULL,NULL),('S',9,9,13,NULL,NULL),('B',9,11,90,1,NULL),('B',9,12,90,NULL,NULL),('B',9,13,90,NULL,NULL),('B',9,14,45,NULL,NULL),('B',9,15,90,NULL,'Y'),('B',9,20,69,NULL,'Y'),('S',9,22,NULL,NULL,NULL),('B',9,23,90,NULL,NULL),('B',9,26,90,NULL,NULL),('S',9,27,NULL,NULL,NULL),('S',9,32,NULL,NULL,NULL),('S',9,66,NULL,NULL,NULL),('B',10,3,90,NULL,NULL),('B',10,4,90,NULL,NULL),('B',10,5,90,NULL,NULL),('B',10,6,90,NULL,NULL),('S',10,7,19,NULL,NULL),('B',10,9,71,NULL,NULL),('B',10,10,90,2,NULL),('B',10,11,90,1,NULL),('S',10,12,NULL,NULL,NULL),('B',10,13,90,NULL,NULL),('S',10,15,NULL,NULL,NULL),('B',10,18,90,NULL,NULL),('B',10,20,61,NULL,NULL),('S',10,22,NULL,NULL,NULL),('S',10,23,29,1,NULL),('S',10,26,NULL,NULL,NULL),('S',10,32,NULL,NULL,NULL),('B',10,66,90,NULL,NULL),('B',11,3,90,NULL,'Y'),('B',11,4,90,NULL,NULL),('B',11,5,90,NULL,NULL),('B',11,7,90,1,NULL),('B',11,9,80,NULL,NULL),('B',11,10,90,NULL,NULL),('B',11,11,89,NULL,NULL),('B',11,12,90,NULL,NULL),('B',11,13,90,NULL,NULL),('S',11,15,NULL,NULL,NULL),('S',11,18,NULL,NULL,NULL),('S',11,20,NULL,NULL,NULL),('S',11,22,NULL,NULL,NULL),('S',11,23,10,NULL,NULL),('B',11,26,90,NULL,NULL),('S',11,27,NULL,NULL,NULL),('S',11,32,1,NULL,NULL),('B',11,66,90,NULL,NULL),('B',12,3,89,NULL,NULL),('B',12,4,90,NULL,NULL),('B',12,5,69,NULL,NULL),('S',12,6,NULL,NULL,NULL),('S',12,7,9,NULL,NULL),('S',12,8,1,NULL,NULL),('B',12,9,90,NULL,NULL),('B',12,10,90,NULL,NULL),('B',12,11,90,1,NULL),('B',12,12,90,NULL,'Y'),('B',12,13,90,NULL,NULL),('S',12,14,21,NULL,NULL),('S',12,15,NULL,NULL,NULL),('S',12,18,NULL,NULL,NULL),('S',12,22,NULL,NULL,NULL),('B',12,23,81,1,NULL),('B',12,26,90,NULL,NULL),('B',12,66,90,NULL,NULL),('S',13,2,NULL,NULL,NULL),('S',13,3,4,NULL,NULL),('B',13,4,90,NULL,NULL),('B',13,5,90,NULL,NULL),('B',13,6,90,NULL,NULL),('S',13,7,16,NULL,NULL),('S',13,8,NULL,NULL,NULL),('B',13,9,89,1,NULL),('B',13,10,90,NULL,NULL),('B',13,11,86,1,NULL),('B',13,13,90,NULL,NULL),('B',13,14,82,NULL,'Y2'),('S',13,15,NULL,NULL,NULL),('S',13,22,NULL,NULL,NULL),('B',13,23,74,NULL,NULL),('B',13,26,90,NULL,NULL),('S',13,32,1,NULL,NULL),('B',13,66,90,1,NULL),('B',14,3,90,NULL,'Y'),('B',14,4,90,NULL,NULL),('B',14,5,90,NULL,NULL),('S',14,7,NULL,NULL,NULL),('S',14,8,19,NULL,NULL),('B',14,9,84,NULL,NULL),('B',14,10,90,NULL,NULL),('B',14,11,75,NULL,NULL),('B',14,12,90,NULL,'Y'),('B',14,13,90,NULL,NULL),('S',14,15,15,NULL,NULL),('S',14,18,NULL,NULL,NULL),('S',14,22,NULL,NULL,NULL),('B',14,23,71,NULL,'Y'),('B',14,26,90,NULL,NULL),('S',14,27,6,1,NULL),('S',14,32,NULL,NULL,NULL),('B',14,66,90,NULL,NULL),('S',15,3,NULL,NULL,NULL),('B',15,4,90,NULL,NULL),('B',15,7,90,1,NULL),('B',15,8,90,NULL,NULL),('S',15,9,24,1,NULL),('S',15,11,25,NULL,NULL),('B',15,12,23,NULL,NULL),('B',15,13,90,NULL,NULL),('B',15,14,90,NULL,NULL),('B',15,15,90,NULL,NULL),('B',15,18,65,NULL,NULL),('S',15,20,NULL,NULL,NULL),('S',15,22,NULL,NULL,NULL),('B',15,23,90,1,NULL),('B',15,27,66,NULL,NULL),('B',15,32,90,NULL,NULL),('S',15,64,NULL,NULL,NULL),('S',15,66,67,NULL,NULL),('B',16,3,90,NULL,'Y'),('B',16,4,90,NULL,NULL),('B',16,5,90,NULL,NULL),('B',16,7,90,NULL,NULL),('B',16,8,65,NULL,NULL),('B',16,9,81,NULL,NULL),('S',16,10,25,NULL,NULL),('B',16,11,90,3,NULL),('B',16,13,90,NULL,NULL),('S',16,14,9,NULL,NULL),('S',16,15,NULL,NULL,NULL),('S',16,20,25,NULL,NULL),('S',16,22,NULL,NULL,NULL),('B',16,23,65,NULL,NULL),('B',16,26,90,NULL,NULL),('S',16,27,NULL,NULL,NULL),('B',16,32,90,NULL,NULL),('S',16,66,NULL,NULL,NULL),('B',17,2,90,NULL,NULL),('B',17,3,90,NULL,NULL),('B',17,4,90,NULL,NULL),('B',17,5,90,NULL,NULL),('B',17,6,90,NULL,NULL),('B',17,8,70,NULL,NULL),('B',17,9,90,NULL,NULL),('B',17,10,84,1,NULL),('B',17,11,90,NULL,NULL),('B',17,13,90,NULL,NULL),('S',17,14,6,NULL,NULL),('S',17,15,NULL,NULL,NULL),('S',17,18,NULL,NULL,NULL),('S',17,20,NULL,NULL,NULL),('S',17,22,NULL,NULL,NULL),('S',17,23,20,2,NULL),('B',17,26,90,NULL,NULL),('S',17,64,NULL,NULL,NULL),('S',18,2,3,NULL,NULL),('B',18,3,90,NULL,NULL),('B',18,4,90,1,NULL),('S',18,5,24,NULL,NULL),('B',18,6,90,NULL,NULL),('B',18,7,90,NULL,NULL),('B',18,8,58,NULL,NULL),('B',18,9,76,NULL,NULL),('B',18,10,87,NULL,NULL),('B',18,11,90,1,NULL),('B',18,13,90,NULL,NULL),('B',18,14,90,NULL,NULL),('S',18,15,NULL,NULL,NULL),('S',18,20,32,NULL,NULL),('S',18,22,NULL,NULL,NULL),('S',18,23,NULL,NULL,NULL),('B',18,26,90,NULL,NULL),('S',18,27,NULL,NULL,NULL),('S',19,2,8,NULL,NULL),('S',19,3,28,1,NULL),('B',19,4,90,NULL,NULL),('B',19,5,62,NULL,NULL),('B',19,6,90,1,NULL),('S',19,8,NULL,NULL,NULL),('B',19,9,69,NULL,NULL),('B',19,10,90,NULL,NULL),('B',19,11,90,1,NULL),('B',19,13,90,NULL,NULL),('B',19,14,90,NULL,NULL),('S',19,15,21,NULL,NULL),('S',19,20,NULL,NULL,NULL),('S',19,22,NULL,NULL,NULL),('B',19,23,90,1,NULL),('B',19,26,82,NULL,NULL),('S',19,27,NULL,NULL,NULL),('B',19,66,90,NULL,NULL),('S',20,2,7,NULL,NULL),('B',20,3,90,NULL,NULL),('B',20,4,90,NULL,NULL),('B',20,5,78,NULL,NULL),('B',20,6,90,NULL,NULL),('S',20,8,NULL,NULL,NULL),('B',20,9,90,3,NULL),('B',20,10,62,1,NULL),('B',20,11,90,1,NULL),('B',20,13,90,NULL,NULL),('S',20,14,28,NULL,NULL),('S',20,15,NULL,NULL,NULL),('S',20,20,12,NULL,NULL),('S',20,22,NULL,NULL,NULL),('B',20,23,90,NULL,NULL),('B',20,26,83,NULL,'Y'),('S',20,27,NULL,NULL,NULL),('B',20,66,90,NULL,NULL),('S',21,3,23,NULL,NULL),('B',21,4,90,NULL,NULL),('B',21,5,86,NULL,'Y'),('B',21,6,90,NULL,'Y'),('B',21,7,57,NULL,NULL),('S',21,8,NULL,NULL,NULL),('B',21,9,90,1,NULL),('B',21,10,77,NULL,NULL),('B',21,11,90,NULL,NULL),('B',21,13,90,NULL,NULL),('B',21,14,90,NULL,NULL),('S',21,15,4,NULL,NULL),('S',21,18,NULL,NULL,NULL),('S',21,20,NULL,NULL,NULL),('S',21,22,NULL,NULL,NULL),('S',21,23,13,NULL,NULL),('B',21,26,90,NULL,NULL),('B',21,66,90,NULL,NULL),('B',22,3,90,NULL,NULL),('B',22,4,90,NULL,NULL),('B',22,5,90,NULL,NULL),('S',22,7,18,NULL,NULL),('S',22,8,1,NULL,NULL),('B',22,9,90,NULL,NULL),('B',22,10,89,NULL,NULL),('B',22,11,89,1,NULL),('B',22,13,90,NULL,NULL),('B',22,14,90,NULL,NULL),('S',22,18,NULL,NULL,NULL),('S',22,22,NULL,NULL,NULL),('B',22,23,72,NULL,NULL),('B',22,26,90,NULL,NULL),('S',22,27,1,NULL,NULL),('S',22,32,NULL,NULL,NULL),('S',22,64,NULL,NULL,NULL),('B',22,66,90,NULL,NULL),('B',23,3,87,NULL,NULL),('B',23,4,90,NULL,NULL),('B',23,7,89,NULL,'Y2'),('B',23,8,71,NULL,NULL),('B',23,9,90,1,NULL),('B',23,10,90,1,NULL),('B',23,11,89,2,NULL),('B',23,13,90,NULL,NULL),('B',23,14,90,NULL,NULL),('S',23,15,NULL,NULL,NULL),('S',23,18,NULL,NULL,NULL),('S',23,20,3,NULL,NULL),('S',23,22,NULL,NULL,NULL),('S',23,23,19,NULL,NULL),('B',23,26,90,NULL,NULL),('S',23,27,NULL,NULL,NULL),('B',23,32,90,NULL,NULL),('S',23,64,1,NULL,NULL),('S',24,3,23,NULL,NULL),('B',24,4,90,NULL,NULL),('B',24,5,90,NULL,NULL),('S',24,6,NULL,NULL,NULL),('B',24,8,66,NULL,NULL),('B',24,9,82,NULL,NULL),('B',24,10,90,1,NULL),('B',24,11,90,NULL,NULL),('B',24,13,90,NULL,NULL),('B',24,14,90,NULL,NULL),('S',24,15,8,NULL,NULL),('S',24,20,24,NULL,NULL),('S',24,22,NULL,NULL,NULL),('B',24,23,67,NULL,NULL),('B',24,26,90,NULL,NULL),('S',24,27,NULL,NULL,NULL),('B',24,32,90,NULL,'Y'),('S',24,64,NULL,NULL,NULL),('B',25,3,90,NULL,NULL),('B',25,4,90,NULL,NULL),('B',25,7,90,NULL,NULL),('B',25,8,90,NULL,NULL),('B',25,9,75,NULL,NULL),('B',25,10,90,1,NULL),('B',25,11,90,NULL,NULL),('B',25,13,90,NULL,NULL),('S',25,15,NULL,NULL,NULL),('S',25,18,NULL,NULL,NULL),('B',25,20,69,NULL,NULL),('S',25,22,NULL,NULL,NULL),('S',25,23,21,NULL,NULL),('B',25,26,90,NULL,NULL),('S',25,27,15,NULL,NULL),('B',25,32,90,NULL,'Y'),('S',25,48,NULL,NULL,NULL),('S',25,64,NULL,NULL,NULL),('B',26,3,90,NULL,NULL),('B',26,4,90,NULL,NULL),('B',26,5,77,1,NULL),('B',26,7,90,NULL,NULL),('B',26,8,90,NULL,NULL),('B',26,9,89,NULL,NULL),('B',26,10,87,1,NULL),('B',26,11,90,1,NULL),('B',26,13,90,NULL,NULL),('S',26,14,NULL,NULL,NULL),('S',26,15,1,NULL,NULL),('S',26,20,NULL,NULL,NULL),('S',26,22,NULL,NULL,NULL),('B',26,26,90,NULL,'Y'),('S',26,27,3,NULL,NULL),('B',26,32,90,NULL,'Y'),('S',26,64,NULL,NULL,NULL),('S',26,66,13,NULL,NULL),('B',27,3,90,NULL,NULL),('B',27,4,90,NULL,NULL),('B',27,5,90,NULL,'Y'),('B',27,7,90,NULL,'Y'),('S',27,8,NULL,NULL,NULL),('B',27,9,31,NULL,NULL),('B',27,10,90,NULL,NULL),('B',27,11,79,NULL,NULL),('B',27,13,90,NULL,NULL),('B',27,14,72,NULL,NULL),('S',27,15,59,NULL,NULL),('S',27,20,NULL,NULL,NULL),('S',27,22,NULL,NULL,NULL),('S',27,23,18,NULL,'Y'),('B',27,26,90,NULL,NULL),('S',27,27,11,NULL,NULL),('B',27,32,90,NULL,NULL),('S',27,66,NULL,NULL,NULL),('B',28,3,90,NULL,NULL),('B',28,4,90,2,NULL),('B',28,5,84,NULL,'Y'),('B',28,7,70,NULL,NULL),('S',28,8,6,NULL,NULL),('B',28,10,78,2,NULL),('B',28,11,90,NULL,NULL),('B',28,13,90,NULL,NULL),('S',28,14,20,NULL,NULL),('S',28,15,NULL,NULL,NULL),('S',28,20,12,NULL,NULL),('S',28,22,NULL,NULL,NULL),('S',28,23,NULL,NULL,'Y'),('B',28,26,90,NULL,NULL),('B',28,27,90,1,NULL),('B',28,32,90,NULL,NULL),('S',28,64,NULL,NULL,NULL),('B',28,66,90,NULL,NULL),('B',29,3,90,NULL,'Y'),('B',29,4,90,NULL,NULL),('B',29,5,63,NULL,'Y'),('S',29,7,27,NULL,NULL),('S',29,8,NULL,NULL,NULL),('S',29,9,27,NULL,NULL),('B',29,10,84,NULL,NULL),('B',29,11,90,NULL,NULL),('B',29,13,90,NULL,NULL),('B',29,14,90,NULL,NULL),('S',29,15,NULL,NULL,NULL),('S',29,20,6,NULL,NULL),('S',29,22,NULL,NULL,NULL),('S',29,23,NULL,NULL,NULL),('B',29,26,90,NULL,'Y'),('B',29,27,63,NULL,NULL),('B',29,32,90,NULL,NULL),('B',29,66,90,NULL,NULL),('B',30,3,90,NULL,'Y'),('B',30,4,90,NULL,NULL),('B',30,5,68,NULL,NULL),('S',30,6,NULL,NULL,NULL),('S',30,8,13,NULL,NULL),('B',30,9,90,2,NULL),('B',30,10,90,2,NULL),('B',30,11,90,NULL,NULL),('B',30,13,90,NULL,'Y'),('S',30,14,22,NULL,NULL),('S',30,15,4,NULL,NULL),('B',30,20,77,NULL,NULL),('S',30,22,NULL,NULL,NULL),('S',30,23,NULL,NULL,NULL),('B',30,26,90,NULL,NULL),('S',30,27,NULL,NULL,NULL),('B',30,32,90,NULL,NULL),('B',30,66,86,NULL,NULL),('B',31,3,90,NULL,'Y'),('B',31,4,90,NULL,NULL),('B',31,5,90,NULL,NULL),('S',31,6,NULL,NULL,NULL),('S',31,7,18,1,NULL),('B',31,9,72,NULL,NULL),('B',31,10,90,1,NULL),('B',31,11,89,NULL,NULL),('B',31,13,90,NULL,NULL),('S',31,15,1,NULL,NULL),('S',31,18,NULL,NULL,NULL),('B',31,20,72,NULL,NULL),('S',31,22,NULL,NULL,NULL),('S',31,23,NULL,NULL,NULL),('B',31,26,90,NULL,NULL),('S',31,27,18,NULL,NULL),('B',31,32,90,NULL,NULL),('B',31,66,90,NULL,NULL),('S',32,3,13,NULL,NULL),('B',32,4,90,NULL,NULL),('B',32,5,90,NULL,NULL),('S',32,6,1,NULL,NULL),('B',32,7,77,NULL,NULL),('S',32,8,NULL,NULL,NULL),('B',32,9,90,1,NULL),('B',32,10,90,NULL,NULL),('B',32,11,89,NULL,NULL),('B',32,13,90,NULL,NULL),('B',32,14,77,NULL,NULL),('S',32,20,NULL,NULL,NULL),('S',32,22,NULL,NULL,NULL),('S',32,23,NULL,NULL,NULL),('B',32,26,90,NULL,NULL),('S',32,27,13,NULL,NULL),('B',32,32,90,NULL,NULL),('B',32,66,90,NULL,NULL),('B',33,3,90,NULL,NULL),('B',33,4,90,NULL,NULL),('B',33,5,59,NULL,NULL),('S',33,6,2,NULL,NULL),('S',33,7,31,NULL,NULL),('B',33,8,88,1,NULL),('B',33,9,90,NULL,NULL),('B',33,10,90,NULL,'Y'),('B',33,11,90,1,'Y'),('B',33,13,90,NULL,NULL),('S',33,14,31,1,'Y'),('S',33,18,NULL,NULL,NULL),('S',33,22,NULL,NULL,NULL),('S',33,23,NULL,NULL,NULL),('B',33,26,90,NULL,'Y'),('S',33,27,NULL,NULL,NULL),('B',33,32,90,NULL,NULL),('B',33,66,59,NULL,NULL),('B',34,3,90,NULL,NULL),('B',34,4,90,NULL,NULL),('S',34,5,24,NULL,NULL),('S',34,6,NULL,NULL,NULL),('S',34,7,13,NULL,NULL),('B',34,8,66,NULL,NULL),('B',34,9,90,NULL,NULL),('B',34,10,89,1,NULL),('B',34,11,90,1,NULL),('B',34,13,90,NULL,NULL),('B',34,14,77,NULL,NULL),('S',34,15,NULL,NULL,NULL),('S',34,22,NULL,NULL,NULL),('S',34,23,1,NULL,NULL),('B',34,26,90,NULL,NULL),('S',34,27,NULL,NULL,NULL),('B',34,32,90,NULL,NULL),('B',34,66,59,NULL,NULL),('S',35,3,4,NULL,NULL),('B',35,4,90,NULL,NULL),('B',35,5,90,1,NULL),('S',35,7,15,1,'Y'),('B',35,8,71,NULL,NULL),('B',35,9,90,NULL,NULL),('B',35,10,90,NULL,NULL),('B',35,11,90,NULL,NULL),('S',35,12,4,NULL,NULL),('B',35,13,90,NULL,NULL),('B',35,14,90,NULL,NULL),('S',35,15,NULL,NULL,NULL),('S',35,22,NULL,NULL,NULL),('S',35,23,NULL,NULL,NULL),('B',35,26,90,NULL,NULL),('S',35,27,NULL,NULL,NULL),('B',35,32,90,NULL,NULL),('B',35,66,86,NULL,NULL),('B',36,4,90,NULL,NULL),('B',36,5,73,NULL,NULL),('B',36,6,90,NULL,NULL),('S',36,7,NULL,NULL,NULL),('B',36,8,90,1,NULL),('B',36,10,90,2,NULL),('B',36,11,90,2,NULL),('S',36,12,2,NULL,NULL),('B',36,13,90,NULL,NULL),('B',36,14,90,NULL,NULL),('B',36,15,73,NULL,NULL),('S',36,21,17,NULL,NULL),('S',36,22,NULL,NULL,NULL),('S',36,23,17,NULL,NULL),('B',36,26,90,NULL,NULL),('S',36,27,NULL,NULL,NULL),('S',36,32,NULL,NULL,NULL),('B',36,66,88,NULL,NULL),('B',37,3,90,NULL,NULL),('B',37,4,90,1,NULL),('B',37,5,66,NULL,NULL),('B',37,6,83,NULL,NULL),('S',37,7,7,NULL,'Y'),('B',37,10,90,NULL,NULL),('B',37,11,73,1,NULL),('S',37,12,NULL,NULL,NULL),('B',37,13,90,NULL,NULL),('B',37,14,90,NULL,NULL),('B',37,15,90,NULL,NULL),('S',37,21,NULL,NULL,NULL),('S',37,22,NULL,NULL,NULL),('S',37,23,24,NULL,NULL),('B',37,26,90,NULL,NULL),('S',37,27,17,1,NULL),('S',37,32,NULL,NULL,NULL),('B',37,66,90,NULL,NULL),('B',38,3,90,NULL,NULL),('B',38,4,90,NULL,NULL),('B',38,5,88,NULL,NULL),('S',38,6,NULL,NULL,NULL),('S',38,7,26,NULL,NULL),('B',38,10,90,2,NULL),('B',38,11,90,NULL,NULL),('S',38,12,6,NULL,NULL),('B',38,13,90,NULL,NULL),('B',38,14,90,NULL,NULL),('S',38,15,NULL,NULL,NULL),('S',38,21,2,NULL,NULL),('S',38,22,NULL,NULL,NULL),('S',38,23,NULL,NULL,NULL),('B',38,26,84,NULL,NULL),('B',38,27,64,NULL,NULL),('B',38,32,90,NULL,NULL),('B',38,66,90,NULL,NULL);
/*!40000 ALTER TABLE `Lineups` ENABLE KEYS */;
UNLOCK TABLES;

--
-- Table structure for table `Players`
--

DROP TABLE IF EXISTS `Players`;
/*!40101 SET @saved_cs_client     = @@character_set_client */;
/*!50503 SET character_set_client = utf8mb4 */;
CREATE TABLE `Players` (
  `player_id` int NOT NULL,
  `first_name` varchar(50) NOT NULL,
  `last_name` varchar(50) NOT NULL,
  `nickname` varchar(50) NOT NULL,
  `citizenship` varchar(50) DEFAULT NULL,
  `dob` date NOT NULL,
  `role` varchar(20) NOT NULL,
  PRIMARY KEY (`player_id`)
) ENGINE=InnoDB DEFAULT CHARSET=utf8mb4 COLLATE=utf8mb4_0900_ai_ci;
/*!40101 SET character_set_client = @saved_cs_client */;

--
-- Dumping data for table `Players`
--

LOCK TABLES `Players` WRITE;
/*!40000 ALTER TABLE `Players` DISABLE KEYS */;
INSERT INTO `Players` VALUES (1,'Loris','Karius','Karius','Germany','1993-06-22','GOALKEEPER'),(2,'Nathaniel','Clyne','Clyne',NULL,'1991-04-05','DEFENDER'),(3,'Fabio Henrique','Tavares','Fabinho','Brazil','1993-10-23','MIDFIELDER'),(4,'Virgil','Van Dijk','Virgil','Netherland','1991-07-08','DEFENDER'),(5,'Georginio','Wijnaldum','Wijnaldum','Netherland','1990-11-11','MIDFIELDER'),(6,'Dejan','Lovren','Lovren','Croatia','1989-07-05','DEFENDER'),(7,'James','Milner','Milner',NULL,'1986-01-04','MIDFIELDER'),(8,'Naby','Keita','Keita','Guinea','1995-02-10','MIDFIELDER'),(9,'Robert','Firmino','Firmino','Brazil','1991-10-02','FORWARD'),(10,'Sadio','Mane','Mane','Senegal','1992-04-10','FORWARD'),(11,'Mohamed','Salah','M.Salah','Egypt','1992-06-15','FORWARD'),(12,'Joe','Gomez','Gomez',NULL,'1997-05-23','DEFENDER'),(13,'Alisson','Becker','A.Becker','Brazil','1992-10-02','GOALKEEPER'),(14,'Jordan','Henderson','Henderson',NULL,'1990-06-17','MIDFIELDER'),(15,'Daniel','Sturridge','Sturridge',NULL,'1989-09-01','FORWARD'),(18,'Alberto','Moreno','Moreno','Spain','1992-07-05','DEFENDER'),(20,'Adam','Lallana','Lallana',NULL,'1988-05-10','MIDFIELDER'),(21,'Alex','Oxlade-Chamberlain','Oxlade-Chamberlain',NULL,'1993-08-15','MIDFIELDER'),(22,'Simon','Mignolet','Mignolet','Belgia','1988-03-06','GOALKEEPER'),(23,'Xherdan','Shaqiri','Shaqiri','Switzerland','1991-10-10','MIDFIELDER'),(24,'Rhian','Brewster','Brewster',NULL,'2000-04-01','FORWARD'),(26,'Andy','Robertson','Robertson','Scotland','1994-03-11','DEFENDER'),(27,'Divock','Origi','Origi','Belgia','1995-04-18','FORWARD'),(29,'Dominic','Solanke','Solanke','Belgia','1997-09-14','FORWARD'),(32,'Joel','Matip','Matip','Germany','1991-08-08','DEFENDER'),(47,'Nathaniel','Phillips','Phillips',NULL,'1997-03-21','DEFENDER'),(48,'Curtis','Jones','Jones',NULL,'2001-01-30','MIDFIELDER'),(50,'Lazar','Markovic','Markovic','Serbia','1994-03-02','MIDFIELDER'),(53,'Ovie','Ejaria','Ejaria',NULL,'1997-11-18','MIDFIELDER'),(62,'Caoimhin','Kelleher','Kelleher','Ireland','1998-11-23','GOALKEEPER'),(64,'Rafael','Camacho','Camacho','Portugal','2000-05-22','MIDFIELDER'),(66,'Trent','Alexander-Arnold','Alexander-Arnold',NULL,'1998-10-07','DEFENDER'),(68,'Pedro','Chirivella','Chirivella','Spain','1997-05-23','MIDFIELDER'),(73,'Kamil','Grabara','Grabara','Poland','1999-01-08','GOALKEEPER');
/*!40000 ALTER TABLE `Players` ENABLE KEYS */;
UNLOCK TABLES;
/*!40103 SET TIME_ZONE=@OLD_TIME_ZONE */;

/*!40101 SET SQL_MODE=@OLD_SQL_MODE */;
/*!40014 SET FOREIGN_KEY_CHECKS=@OLD_FOREIGN_KEY_CHECKS */;
/*!40014 SET UNIQUE_CHECKS=@OLD_UNIQUE_CHECKS */;
/*!40101 SET CHARACTER_SET_CLIENT=@OLD_CHARACTER_SET_CLIENT */;
/*!40101 SET CHARACTER_SET_RESULTS=@OLD_CHARACTER_SET_RESULTS */;
/*!40101 SET COLLATION_CONNECTION=@OLD_COLLATION_CONNECTION */;
/*!40111 SET SQL_NOTES=@OLD_SQL_NOTES */;

-- Dump completed on 2023-02-18 11:22:32
